Category,Item,Item Code,Brand,Available Stock,Reorder Level,Price,Total Value,Stock Status
Solar PV Modules ,Solar PV Modules 555W ,SOLAR-PV-555W-JASOLAR,JA SOLAR,16,10,70,1120,Okay
Solar PV modules ,Solar PV modules 540W,SOLAR-PV-540W-ASTRONERGY,Astronergy,6,10,108,648,Okay
Solar PV Modules ,Solar PV Modules 455W,PV-TRINA-MONO-455W,Trina,18,10,62,1116,Okay
Solar PV Moduleas ,Solar PV Moduleas 450W,PV-ASTRONERGY-MONO-450W,Astronergy,1,10,82,82,Reorder
Solar PV Modules ,Solar PV Modules 425W ,PV-JASOLAR-MONO-425W,JA SOLAR,30,10,67,2010,Okay
Solar PV modules ,Solar PV modules 350W ,PV-PHAESUN-MONO-350W,Phaesum,5,10,156,780,Okay
Solar PV Modules ,Solar PV Modules 335W ,PV-RISEN-POLY-335W,Risen,3,10,121,363,Okay
Solar PV Module ,Solar PV Module 325W,PV-JASOLAR-MONO-325W,JA SOLAR,8,10,145,1160,Okay
Suntech Solar module ,Suntech Solar module 275W,PV-ASTRONERGY-POLY-275W,Astronergy,1,10,114,114,Reorder
EcoFlow ,EcoFlow 110W foldable monocrystalline panel,PVFOLD-110-EF,,2,10,120,240,Okay
EcoFlow-220W foldable Monocrystalline panel,EcoFlow-220W foldable Monocrystalline panel,PVFOLD-220-EF,,3,10,181,543,Okay
Solar PV Module ,Solar PV Module 620W,,,35,10,0,0,Okay
Sunsynk Contour ,Sunsynk Contour 2000,INV-SUNSYNK-LFP-2000,SunSynk,1,10,680.01,680.01,Reorder
Sunsynk Loadshedder ,Sunsynk Loadshedder 4,INV-SUNSYNK-LS-3K6-3K8,SunSynk,5,10,999,4995,Okay
Ecoflow River 2 ,"Ecoflow River 2 , 256Wh -300Wac",PS-ECO-R2-256-300,EcoFlow,1,10,186,186,Okay
"Ecoflow River 2 Max,","Ecoflow River 2 Max, 512Wh-500Wac",PS-ECO-R2MAX-512-500,EcoFlow,1,10,326.5,326.5,Okay
EcoFlow River 2 Pro ,EcoFlow River 2 Pro 768Wh-800Wac,PS-ECO-R2PRO-768-800,EcoFlow,2,10,378,756,Okay
Ecoflow Delta 2,"Ecoflow Delta 2, 1800Wac, 1024Wh",PS-ECO-D2-1024-1800,EcoFlow,0,10,515.5,0,Stock Out
EcoFlow E2000,"EcoFlow E2000 , 2048Wh, 2400W",PS-ECO-E2000-2048-2400,EcoFlow,0,10,790.5,0,Stock Out
EcoFlow Delta Pro,"EcoFlow Delta Pro, 3600Wac-3600Wh",PS-ECO-DPRO-3600-3600,EcoFlow,0,10,1443,0,Stock Out
Sunsynk Inverter,Sunsynk Inverter 5.5kVA,INV-SUNSYNK-HYB-5K5-48V,SunSynk,0,10,882,0,Stock Out
Sunsynk Lifelynk Lynnks ,Sunsynk Lifelynk Lynnks 6kw,INV-SUNSYNK-LYNKS-6K0-48V,SunSynk,0,10,0,0,Stock Out
Sunsynk Lifelynk ,Sunsynk Lifelynk 8kVA,INV-SUNSYNK-LYNKS-8K0-48V,SunSynk,0,10,1050,0,Stock Out
Deye Inverter ,Deye 8kVA Inverter ,INV-DEYE-HYB-8K0-48V,Deye,0,10,1004.3,0,Stock Out
Sunsynk 3Phase  Inverter ,Sunsynk 3Phase  Inverter 12kVA,INV-SUNSYNK-3PH-12K0-48V,SunSynk,0,10,0,0,Stock Out
Easy  Solar Victron Inverter /Charger,Easy  Solar 1600VA/24V Victron Inverter /Charger,INV-VICTRON-EASYSOLAR-1600VA-24V,Victron,0,10,874.88,0,Stock Out
Used Easy Solar ,Used Easy Solar 3000VA/24V ,INV-VICTRON-EASYSOLAR-3000VA-24V,Victron,0,10,0,0,Stock Out
Easy Solar -II GX ,"Easy Solar -II GX 48/3000VA, 250/70",INV-VICTRON-EASYSOLARII-GX-3000VA-48V,Victron,0,10,0,0,Stock Out
Victron multiplus -II-GX  ,Victron multiplus -II-GX  48V/3000V/35Amps,INV-VICTRON-MULTIPLUSII-GX-3000VA-48V,Victron,0,10,0,0,Stock Out
Victron Multiplus-II ,Victron Multiplus-II 48V/3000VA/35Amps,INV-VICTRON-MULTIPLUSII-3000VA-48V,Victron,0,10,481.84,0,Stock Out
Victron Multi RS ,"Victron Multi RS 48V/6000VA, 450/80",INV-VICTRON-MULTIRS-6K0-48V,Victron,0,10,1213.7,0,Stock Out
Mobile Power Inverter Xantrex ,Mobile Power Inverter Xantrex 300W,INV-XANTREX-MOBILE-300W-12V,,0,10,70,0,Stock Out
KISAE Power inverter ,KISAE Power inverter 1000W,INV-KISAE-1000W-12V,,0,10,220,0,Stock Out
Newstar Power Inverter ,Newstar Power Inverter 300,INV-NEWSTAR-MOBILE-300W-12V,,0,10,0,0,Stock Out
Power Inverter TPI,Power Inverter TPI-150W,INV-TERMINATOR-TPI-150W-12V,,0,10,0,0,Stock Out
Rolls lithium Battery,"24V, 100Ah Rolls lithium Battery",BAT-ROLLS-LFP-24V-100AH,,0,10,720,0,Stock Out
Powerline Battery,5kWh BSL 5.12 Powerline Battery,BAT-BSL-LFP-51V-100AH-5KWH,,0,10,795,0,Stock Out
Rack mount battery,5.12kWh Rack mount battery,BAT-LFP-RACK-48V-100AH-5KWH,,0,10,797,0,Stock Out
Weco battery,5K3 Weco battery,BAT-WECO-LFP-51V-100AH-5K3,WeCO,0,10,1195,0,Stock Out
BSL Battery,6.9kWh BSL Battery,BAT-BSL-LFP-48V-135AH-6K9,BSL,0,10,1011.38,0,Stock Out
BSL Battery,8.8kWh BSL Battery,BAT-BSL-LFP-48V-172AH-8K8,BSL,0,10,1295,0,Stock Out
BSL battery wall 51.2V-200Ah,10kWh BSL battery wall 51.2V-200Ah,BAT-BSL-LFP-51V-200AH-10KWH,BSL,0,10,1380,0,Stock Out
BSL Battery 51.2V-Slimline 300Ah,15kWh BSL Battery 51.2V-Slimline 300Ah,BAT-BSL-LFP-51V-300AH-15KWH,BSL,0,10,1995,0,Stock Out
"Solar Lithium battery 8aH, 12V","Solar Lithium battery 8aH, 12V",BAT-LFP-12V-8AH,,0,10,0,0,Stock Out
EcoFlow Delta 2 Extra Battery ,EcoFlow Delta 2 Extra Battery 1024Wh,PS-ECO-D2EB-1024,EcoFlow,0,10,275,0,Stock Out
Ecopulse EC-30M,Ecopulse EC-30M,CTRL-MNT-ECOPULSE-30A-12V24V-METER,,0,10,115,0,Stock Out
Phocos CX48,Phocos CX48,CTRL-PHOCOS-CX48-40A-12V,,0,10,0,0,Stock Out
Prostar PS-15,Prostar PS-15,CTRL-MGSTAR-PROSTAR-PS15-12V24V,,0,10,68,0,Stock Out
Prostar Version PS-15 White,Prostar Version PS-15 White,PROSTAR-PS15-WHITE,,0,10,68,0,Stock Out
Prostar Version PS-15 Grey,Prostar Version PS-15 Grey,PROSTAR-PS15-GREY,,0,10,68,0,Stock Out
Sunsaver SS-10L-24,Sunsaver SS-10L-24,,,0,10,54,0,Stock Out
Sunslight controller SL-20L-12V,Sunslight controller SL-20L-12V,,,0,10,103,0,Stock Out
CML Solar Charger controller,CML Solar Charger controller,,,0,10,0,0,Stock Out
Sunlight SL-10L-24V,Sunlight SL-10L-24V,,,0,10,79,0,Stock Out
Sunlight SL-10L-12V,Sunlight SL-10L-12V,,,0,10,79,0,Stock Out
"Sunsaver Duo 25A, 12V","Sunsaver Duo 25A, 12V",,,0,10,99,0,Stock Out
PS-MPPT-25 ,PS-MPPT-25 ,,,0,10,68,0,Stock Out
Midnite classic MPPT controller,Midnite classic MPPT controller,,,0,10,0,0,Stock Out
Smart solar MPPT 250/100 TrVE.Can,Smart solar MPPT 250/100 TrVE.Can,,,0,10,398,0,Stock Out
Smart Solar 150/35,Smart Solar 150/35,,,0,10,0,0,Stock Out
SmartSolar 100/20 controller,SmartSolar 100/20 controller,,,0,10,0,0,Stock Out
Bluesolar Charge controller 100/30 ,Bluesolar Charge controller 100/30 ,,,0,10,0,0,Stock Out
Orion-Tr Smart 12/12 18 Isolated DC-DC,Orion-Tr Smart 12/12 18 Isolated DC-DC,,,0,10,0,0,Stock Out
Lynx power in 1000,Lynx power in 1000,,,0,10,122.89,0,Stock Out
Lynx Distributor 1000,Lynx Distributor 1000,,,0,10,175.35,0,Stock Out
Victron Ekrano Gx,Victron Ekrano Gx,,,0,10,0,0,Stock Out
Fuse holder for Mega fuse,Fuse holder for Mega fuse,FH-ANL-MEGA,,0,10,9.66,0,Stock Out
Fuse Switch disconnect 250/30,Fuse Switch disconnect 250/30,FH-MEGA-250,,0,10,19.75,0,Stock Out
Fuse holder df 32A,Fuse holder df 32A,FH-DF-AC-1P-32A-10x38,DF,0,10,3,0,Stock Out
Fuse holder Riken 32A,Fuse holder Riken 32A,RT18‑32X‑1P,Riken,0,10,0,0,Stock Out
Wohner fuse holder 160A,Wohner fuse holder 160A,,,0,10,60,0,Stock Out
Mersen Fuse holder 160A,Mersen Fuse holder 160A,,,0,10,72,0,Stock Out
Fuse link Gg 200A Riken NH1,Fuse link Gg 200A Riken NH1,,RIKEN,0,10,6.76,0,Stock Out
"Fuse link 180A  Riken, NH1","Fuse link 180A  Riken, NH1",,RIKEN,0,10,8.6,0,Stock Out
Fuse link 160A Riken NH1,Fuse link 160A Riken NH1,,RIKEN,0,10,13.44,0,Stock Out
GMC Powerlines fuse 80A,GMC Powerlines fuse 80A,,RIKEN,0,10,8.55,0,Stock Out
Fuse link 160A Riken,Fuse link 160A Riken,NHOO,RIKEN,0,10,5.27,0,Stock Out
Fuse link 100A Riken,Fuse link 100A Riken,NHOO,,0,10,11.05,0,Stock Out
"Fuse switch Disconnector 160/30, Riken","Fuse switch Disconnector 160/30, Riken",,,0,10,37.54,0,Stock Out
"Chint 250A, 500V-120KA fuse","Chint 250A, 500V-120KA fuse",,,0,10,11,0,Stock Out
NH1 Fuse LINK 250A,NH1 Fuse LINK 250A,NH1,RIKEN,0,10,14,0,Stock Out
Fuse 250A Siemens,Fuse 250A Siemens,,,0,10,13,0,Stock Out
NH00 160A,NH00 160A,,,0,10,0,0,Stock Out
df Fuse 160A,df Fuse 160A,NH00,,0,10,5,0,Stock Out
Midi Fuse,Midi Fuse,,,0,10,0,0,Stock Out
Victron Midi-Fuse 30A,Victron Midi-Fuse 30A,,,0,10,12.76,0,Stock Out
DC Fuse 20A,DC Fuse 20A,,,0,10,1.5,0,Stock Out
DC Fuse 32A,DC Fuse 32A,,,0,10,2.25,0,Stock Out
Victron Fuse 300A/80V ANL,Victron Fuse 300A/80V ANL,,,0,10,38.57,0,Stock Out
Mega -Fuse 60A/32V,Mega -Fuse 60A/32V,,,0,10,15,0,Stock Out
Battery switch on/off 48V,Battery switch on/off 48V,,,0,10,26.49,0,Stock Out
Battery Monitor BMV-700,Battery Monitor BMV-700,,,0,10,0,0,Stock Out
Signal Amplifier,Signal Amplifier,,,0,10,25,0,Stock Out
Notebook Power Adaptor Rock-King 96W,Notebook Power Adaptor Rock-King 96W,,,0,10,30,0,Stock Out
Kiwibird 63W fast charger,Kiwibird 63W fast charger,,,0,10,25,0,Stock Out
Wireless monitoring accessory Growatt,Wireless monitoring accessory Growatt,,,0,10,60,0,Stock Out
Kinergy WiFi TBB power,Kinergy WiFi TBB power,,,0,10,60,0,Stock Out
CTK160402,CTK160402,,,0,10,0,0,Stock Out
Auto DC Power Regulator Adaptor 80W,Auto DC Power Regulator Adaptor 80W,,,0,10,35,0,Stock Out
Mini Solar power system,Mini Solar power system,,,0,10,0,0,Stock Out
TPI-150W,TPI-150W,,,0,10,29,0,Stock Out
Universal car and home adaptor for laptop 120W,Universal car and home adaptor for laptop 120W,,,0,10,30,0,Stock Out
Netgear 8-port gigabit Ethernet switch,Netgear 8-port gigabit Ethernet switch,,,0,10,60,0,Stock Out
90W HEAVY Duty universal Laptop Charger,90W HEAVY Duty universal Laptop Charger,,,0,10,35,0,Stock Out
90W HEAVY Duty universal Laptop Charger,90W HEAVY Duty universal Laptop Charger,,,0,10,0,0,Stock Out
"Laptop Adaptor 100W, incomplete","Laptop Adaptor 100W, incomplete",,,0,10,0,0,Stock Out
WI-FI Stick (DB9),WI-FI Stick (DB9),,,0,10,0,0,Stock Out
VE Direct cable 1.8m,VE Direct cable 1.8m,,,0,10,0,0,Stock Out
VE Direct cable 0.9m,VE Direct cable 0.9m,,,0,10,0,0,Stock Out
VE Direct cable 0.3m,VE Direct cable 0.3m,,,0,10,0,0,Stock Out
Victron Ekrano GX,Victron Ekrano GX,,,0,10,392.66,0,Stock Out
Ethernet & WiFi Stick,Ethernet & WiFi Stick,,,0,10,0,0,Stock Out
Can to Inverter cable,Can to Inverter cable,,,0,10,0,0,Stock Out
USB 3.0 Cable  AM 90-AF,USB 3.0 Cable  AM 90-AF,,,0,10,0,0,Stock Out
BAT-Com-CAN,BAT-Com-CAN,,,0,10,0,0,Stock Out
Wl0s Can 35RJ2,Wl0s Can 35RJ2,,,0,10,0,0,Stock Out
Parallel communication line,Parallel communication line,,,0,10,0,0,Stock Out
UTP CAT5e,UTP CAT5e,,,0,10,0,0,Stock Out
CAT5e,CAT5e,,,0,10,0,0,Stock Out
Communication cable CAT 6,Communication cable CAT 6,,,0,10,0.44,0,Stock Out
Armoured cable 16mm2  x 4C,Armoured cable 16mm2  x 4C,,,0,10,12.74,0,Stock Out
Armoured cable 2.5mm2 3 core ,Armoured cable 2.5mm2 3 core ,,,0,10,2.18,0,Stock Out
4mm2 3 core Armoured cable,4mm2 3 core Armoured cable,,,0,10,4,0,Stock Out
4mm2 4 core Armoured cable,4mm2 4 core Armoured cable,,,0,10,4.8,0,Stock Out
10mm2 3 core Armoured cable,10mm2 3 core Armoured cable,,,0,10,8,0,Stock Out
10mm2 5 core Armoured cable,10mm2 5 core Armoured cable,,,0,10,9.8,0,Stock Out
Insulated Earth cable 10mm2 green,Insulated Earth cable 10mm2 green,,,0,10,1.51,0,Stock Out
Earth cable 6mm2,Earth cable 6mm2,,,0,10,0.8,0,Stock Out
2.5mm2 single core Insulated green,2.5mm2 single core Insulated green,,,0,10,0.35,0,Stock Out
SINGLE CORE BLACK,SINGLE CORE BLACK,,,0,10,0,0,Stock Out
2.5mm2 single core Insulated black,2.5mm2 single core Insulated black,,,0,10,0.35,0,Stock Out
6mm2 single core green stranded ,6mm2 single core green stranded ,,,0,10,0.8,0,Stock Out
PV CABLES,PV CABLES,,,0,10,0,0,Stock Out
"Solar PV Cables 4mm2, red","Solar PV Cables 4mm2, red",,,0,10,1.01,0,Stock Out
PV Cable 4MM,PV Cable 4MM,,,0,10,0,0,Stock Out
Solar PV cables 4mm2 black,Solar PV cables 4mm2 black,,,0,10,1.01,0,Stock Out
Solar PV Cable black 2.5mm2  x 2 core,Solar PV Cable black 2.5mm2  x 2 core,,,0,10,2,0,Stock Out
PV Cable 6MM,PV Cable 6MM,,,0,10,0,0,Stock Out
Solar PV cable 6mm2 1core  red,Solar PV cable 6mm2 1core  red,,,0,10,0.84,0,Stock Out
Solar PV cable 6mm2 1core  black,Solar PV cable 6mm2 1core  black,,,0,10,0.84,0,Stock Out
PV Cable 10MM,PV Cable 10MM,,,0,10,0,0,Stock Out
Solar PV cable 10mm2 1 core red,Solar PV cable 10mm2 1 core red,,,0,10,2.05,0,Stock Out
Flex cable 2 core 1.5mm2 white,Flex cable 2 core 1.5mm2 white,,,0,10,0.58,0,Stock Out
Flex cable 6mm2  4 core black,Flex cable 6mm2  4 core black,,,0,10,3.72,0,Stock Out
Flex cable 2 core 2.5mm2,Flex cable 2 core 2.5mm2,,,0,10,1.1,0,Stock Out
Flex cable 2.5mm2 3 core,Flex cable 2.5mm2 3 core,,,0,10,1.27,0,Stock Out
Flex cable 4mm2  2 core,Flex cable 4mm2  2 core,,,0,10,1.75,0,Stock Out
Flex cable 4mm2 4 core ,Flex cable 4mm2 4 core ,,,0,10,2.83,0,Stock Out
10mm2 4 core flex cable,10mm2 4 core flex cable,,,0,10,6.19,0,Stock Out
Welding cable 35mm2 blue,Welding cable 35mm2 blue,,,0,10,7.02,0,Stock Out
Welding cable 35mm2 red/black,Welding cable 35mm2 red/black,,,0,10,0,0,Stock Out
Welding cable 70mm2 red,Welding cable 70mm2 red,,,0,10,13,0,Stock Out
WELDING 70MM,WELDING 70MM,,,0,10,0,0,Stock Out
Welding cable 70mm2 black,Welding cable 70mm2 black,,,0,10,13,0,Stock Out
Weco  battery cable set,Weco  battery cable set,,,0,10,0,0,Stock Out
2.5mm2 Submersible 3 core,2.5mm2 Submersible 3 core,,,0,10,3.2,0,Stock Out
2.5mm2 Submersible 3 core,2.5mm2 Submersible 3 core,,,0,10,0,0,Stock Out
2.5mm2 Submersible 3 core,2.5mm2 Submersible 3 core,,,0,10,0,0,Stock Out
2.5mm2 Submersible 3 core,2.5mm2 Submersible 3 core,,,0,10,0,0,Stock Out
2.5mm2 Submersible 3 core,2.5mm2 Submersible 3 core,,,0,10,0,0,Stock Out
2.5mm2 Submersible 3 core,2.5mm2 Submersible 3 core,,,0,10,0,0,Stock Out
2.5mm2 Submersible 3 core,2.5mm2 Submersible 3 core,,,0,10,0,0,Stock Out
2.5mm2 Submersible 3 core,2.5mm2 Submersible 3 core,,,0,10,0,0,Stock Out
Flex Submersible cable flart black 2.5mm2,Flex Submersible cable flart black 2.5mm2,,,0,10,2.86,0,Stock Out
Duplex cable 4mm2,Duplex cable 4mm2,,,0,10,3.25,0,Stock Out
Suction Pipe 32mm,Suction Pipe 32mm,,,0,10,3.2,0,Stock Out
RACK FOR 6.9,RACK FOR 6.9,,,0,10,0,0,Stock Out
BSL battery wall mount bracket for 6.9kWh ,BSL battery wall mount bracket for 6.9kWh ,,,0,10,36.66,0,Stock Out
BSL Battery mounting rack 172Ah,BSL Battery mounting rack 172Ah,,,0,10,34.23,0,Stock Out
LEE2 Battery cabinet for 8.8kWh,LEE2 Battery cabinet for 8.8kWh,,,0,10,210,0,Stock Out
9 -Layer battery cluster rack,9 -Layer battery cluster rack,,,0,10,334,0,Stock Out
Weco mounting bracket,Weco mounting bracket,,,0,10,0,0,Stock Out
Powseen 12W3-12,Powseen 12W3-12,,,0,10,0,0,Stock Out
Weco ESS,Weco ESS,,,0,10,0,0,Stock Out
CO3 Interface brackets,CO3 Interface brackets,,,0,10,4,0,Stock Out
C34 Interface brackets,C34 Interface brackets,,,0,10,4,0,Stock Out
Joiners,Joiners,RJNR-200-ALU,,0,10,1,0,Stock Out
L Feets,L Feets,LFT-ALU-65,,0,10,3,0,Stock Out
End clamp for mounting rails,End clamp for mounting rails,CLMP-END-35,,0,10,1,0,Stock Out
Mid Clamps for mounting rails,Mid Clamps for mounting rails,CLMP-MID-35,,0,10,1,0,Stock Out
Mounting Rails,Mounting Rails,,,0,10,31,0,Stock Out
Solar PV Frame double sided 25 x 20 x590,Solar PV Frame double sided 25 x 20 x590,,,0,10,0,0,Stock Out
Solar PV frame double sidedd angle rail 25 x 20 x 30mm,Solar PV frame double sidedd angle rail 25 x 20 x 30mm,,,0,10,0,0,Stock Out
Solar PV frame double sidedd angle rail 25 x 25 x 310mm,Solar PV frame double sidedd angle rail 25 x 25 x 310mm,,,0,10,0,0,Stock Out
Mounting blocks,Mounting blocks,,,0,10,0,0,Stock Out
Cable Tray 5mm x 20mm x3mm,Cable Tray 5mm x 20mm x3mm,,,0,10,21,0,Stock Out
Cable Tray 10 x 40mm,Cable Tray 10 x 40mm,,,0,10,25,0,Stock Out
End clamps for mounting blocks,End clamps for mounting blocks,,,0,10,1.2,0,Stock Out
Mid Clamps for mounting blocks,Mid Clamps for mounting blocks,,,0,10,1.2,0,Stock Out
Trapez Eco System Mounting Rails,Trapez Eco System Mounting Rails,,,0,10,0,0,Stock Out
MC4 MALE,MC4 MALE,,,0,10,0,0,Stock Out
MC4 Connectors Male,MC4 Connectors Male,,,0,10,0,0,Stock Out
MC4 Connector Male Nova,MC4 Connector Male Nova,,,0,10,0,0,Stock Out
MC4 Connectors Female high voltage,MC4 Connectors Female high voltage,,,0,10,0,0,Stock Out
"MC4 Connector YF-1001 NOVA, Female ","MC4 Connector YF-1001 NOVA, Female ",,,0,10,0,0,Stock Out
"2.5m, MC4 Connector, L","2.5m, MC4 Connector, L",CB-MC4-2.5M-L,,0,10,15.5,0,Stock Out
"3.5m, MC4 connector, L","3.5m, MC4 connector, L",CB-MC4-3.5M-L,,0,10,18.75,0,Stock Out
5.0m MC4 Connector EF,5.0m MC4 Connector EF,CB-MC4-5.0M-EF,`,0,10,25.95,0,Stock Out
2in 2 Out DC Combiner box Riken,2in 2 Out DC Combiner box Riken,DC-CMB-RKN-2IN2OUT,,0,10,191.4,0,Stock Out
"DC Combiner box 1 in 1 out, Riken","DC Combiner box 1 in 1 out, Riken",,,0,10,78.3,0,Stock Out
"4 in 4 Out Distribution box, Riken","4 in 4 Out Distribution box, Riken",,,0,10,387,0,Stock Out
"Single phase AC Change over DB 24Way, Riken","Single phase AC Change over DB 24Way, Riken",,,0,10,0,0,Stock Out
Single phase AC DB,Single phase AC DB,,,0,10,0,0,Stock Out
Single phase 4kw (Loadshedder 4),Single phase 4kw (Loadshedder 4),,,0,10,120.43,0,Stock Out
"Three Phase Change Over, Riken","Three Phase Change Over, Riken",,,0,10,294.69,0,Stock Out
DC Combiner box 3 in 3 out,DC Combiner box 3 in 3 out,,,0,10,0,0,Stock Out
SF2 Future pump,SF2 Future pump,PUMP-SF2-FUTURE,,0,10,500,0,Stock Out
SE1 Future Pump,SE1 Future Pump,PUMP-SE1-FUTURE,,0,10,0,0,Stock Out
Sunflower pump set,Sunflower pump set,,,0,10,0,0,Stock Out
Light Worx 30W,Light Worx 30W,,,0,10,45,0,Stock Out
Solar flair flood lights,Solar flair flood lights,,,0,10,8.6,0,Stock Out
D.Light Solar Fan,D.Light Solar Fan,FAN-SOLAR-DLT-SF40/SF50,,0,10,41.35,0,Stock Out
A-Light solar LED,A-Light solar LED,,,0,10,1.88,0,Stock Out
Sun king pro 300,Sun king pro 300,LGT-SOLAR-SK-PRO300,,0,10,27,0,Stock Out
D.Light S3,D.Light S3,LGT-SOLAR-DLIGHT-S3,,0,10,4.51,0,Stock Out
"Streetlights 7W, PHILIPS","Streetlights 7W, PHILIPS",STL-PHILIPS-7W,,0,10,38,0,Stock Out
"Streetlights 15W, PHILIPS, 1600 Lumens","Streetlights 15W, PHILIPS, 1600 Lumens",STL-PHILIPS-15W,,0,10,65,0,Stock Out
"Streetlight 25W, PHILIPS,3600 Lumens","Streetlight 25W, PHILIPS,3600 Lumens",STL-PHILIPS-25W,,0,10,73,0,Stock Out
A0S All in One Intergrated Solar Street light,A0S All in One Intergrated Solar Street light,,,0,10,0,0,Stock Out
T5-300-3W,T5-300-3W,LGT-T5-300-3W,,0,10,0,0,Stock Out
T8 Tube lights,T8 Tube lights,LGT-TUBE-T8-4FT-18W,,0,10,7.5,0,Stock Out
Mobile Solar Home System steel unit,Mobile Solar Home System steel unit,,,0,10,310,0,Stock Out
Mobile Solar Home System Standard with 4 charging ports,Mobile Solar Home System Standard with 4 charging ports,,,0,10,115,0,Stock Out
Advanced Solar Home Systems without batteries,Advanced Solar Home Systems without batteries,,,0,10,195,0,Stock Out
12 VDC 32 inch flatscreen TV with 30W solar panel,12 VDC 32 inch flatscreen TV with 30W solar panel,,,0,10,577,0,Stock Out
Standard Solar Home System charge without batteries,Standard Solar Home System charge without batteries,,,0,10,150,0,Stock Out
Advanced Solar Home System with accessories,Advanced Solar Home System with accessories,,,0,10,195,0,Stock Out
12 VDC 22 inch flatscreen TV with 40W solar panel,12 VDC 22 inch flatscreen TV with 40W solar panel,,,0,10,442,0,Stock Out
"8"" TV set","8"" TV set",TV-8IN-DC,,0,10,0,0,Stock Out
Ceiling wall fan,Ceiling wall fan,FAN-CEILWALL-ROBOT,Robot,0,10,30,0,Stock Out
Dual power 0.5W 12V LED 8m bulb,Dual power 0.5W 12V LED 8m bulb,LGT-LED-0.5W-8M-DUAL,,0,10,7.5,0,Stock Out
Dual power 2W 12V LED bulb,Dual power 2W 12V LED bulb,LGT-LED-2W-12V-DUAL,,0,10,0,0,Stock Out
Dual power bulb  2.6W LED with 4m cable and plug,Dual power bulb  2.6W LED with 4m cable and plug,LGT-LED-2.6W-4M-DUAL,,0,10,0,0,Stock Out
BULBS WITH 8M CABLES,BULBS WITH 8M CABLES,,,0,10,0,0,Stock Out
Dual power LED with 8m cable and plug,Dual power LED with 8m cable and plug,,,0,10,8.5,0,Stock Out
Mobile solar Home system cables pin type,Mobile solar Home system cables pin type,,,0,10,5.5,0,Stock Out
Mobile solar Home System cables with plugs,Mobile solar Home System cables with plugs,,,0,10,5.5,0,Stock Out
Dual power 2.6W LED bulb with short cables,Dual power 2.6W LED bulb with short cables,,,0,10,3,0,Stock Out
Steel unit light switch,Steel unit light switch,,,0,10,0,0,Stock Out
Dual lights without cables with plugs,Dual lights without cables with plugs,,,3,10,3,9,Stock Available
Dual light with 4m cable pin type,Dual light with 4m cable pin type,,,0,10,0,0,Stock Out
Solar moduels 40W for Standard System charge,Solar moduels 40W for Standard System charge,SOL-40W-MONO,,0,10,0,0,Stock Out
Mobile Solar Home System mother board,Mobile Solar Home System mother board,,,0,10,0,0,Stock Out
Circuit board for mobile solar systems bad ones,Circuit board for mobile solar systems bad ones,,,0,10,0,0,Stock Out
Circuit board for mobile solar system,Circuit board for mobile solar system,,,0,10,0,0,Stock Out
Zuku cables,Zuku cables,CAB-ZUKU-RG6-50M,,0,10,0,0,Stock Out
Mobile Solar System mother board cables,Mobile Solar System mother board cables,,,0,10,0,0,Stock Out
Mobile Solar Systems battery cables,Mobile Solar Systems battery cables,,,0,10,0,0,Stock Out
Insele Charging pcs,Insele Charging pcs,,,0,10,0,0,Stock Out
Prime Stove,Prime Stove,STV-PRIME-PORT,,0,10,110,0,Stock Out
Mini Moto Stove,Mini Moto Stove,STV-MINI-PORT,,0,10,105,0,Stock Out
5kg Pellets,5kg Pellets,,,0,10,0,0,Stock Out
"Riken 16A breaker, 2P, AC","Riken 16A breaker, 2P, AC",BRK-RIK-16A-2P-AC,RIKEN,0,10,4,0,Stock Out
"Riken 32A 2P Breaker,AC","Riken 32A 2P Breaker,AC",BRK-RIK-32A-2P-AC,RIKEN,0,10,6,0,Stock Out
Circuit breaker 40A breaker 2P,Circuit breaker 40A breaker 2P,RIK-MCB-40A-2P,RIKEN,0,10,7,0,Stock Out
Riken 63A Breaker 2P,Riken 63A Breaker 2P,RIK-MCB-63A-2P,,0,10,8.5,0,Stock Out
Riken 20A 3P,Riken 20A 3P,RIK-MCB-20A-3P,,0,10,8.5,0,Stock Out
Riken 40A Changeover 4p,Riken 40A Changeover 4p,RIK-MCB-40A-4P,RIKEN,0,10,22,0,Stock Out
Riken 63A Changeover 2p,Riken 63A Changeover 2p,,,0,10,26,0,Stock Out
"Circuit breaker 6A AC, 1P","Circuit breaker 6A AC, 1P",RIK-MCB-63A-3P,CHINT,0,10,2,0,Stock Out
"Circuit breaker 63A AC, 1P","Circuit breaker 63A AC, 1P",CHT-MCB-63A-1P,CHINT,0,10,2.85,0,Stock Out
"Circuit breaker  32A  AC, 1P","Circuit breaker  32A  AC, 1P",CHT-MCB-32A-1P,CHINT,0,10,2.85,0,Stock Out
Circuit breaker  10A AC 1P,Circuit breaker  10A AC 1P,CHT-MCB-10A-1P,CHINT,0,10,2.85,0,Stock Out
Circuit breaker 100A 1P,Circuit breaker 100A 1P,CHT-MCB-100A-1P,,0,10,4.5,0,Stock Out
Circuit breaker 125A 1P AC,Circuit breaker 125A 1P AC,CHINT-MCB-125A-1P,,0,10,6,0,Stock Out
Circuit breaker 32A AC 2P,Circuit breaker 32A AC 2P,CHT-MCB-32A-2P,,0,10,5,0,Stock Out
Circuit breaker  NXB 63A  AC 2P,Circuit breaker  NXB 63A  AC 2P,CHT-MCB-63A-2P,CHINT,0,10,6,0,Stock Out
Circuit breaker  100A 4P AC,Circuit breaker  100A 4P AC,CHT-MCB-100A-4P,CHINT,0,10,10,0,Stock Out
"Circuit breaker 125A 4P , AC","Circuit breaker 125A 4P , AC",CHT-MCB-125A-4P,CHINT,0,10,0,0,Stock Out
Circuit breaker 40A 3P AC,Circuit breaker 40A 3P AC,CHT-MCB-40A-3P,,0,10,8,0,Stock Out
Circuit breaker  63A 4P AC,Circuit breaker  63A 4P AC,NTP-MCB-63A-4P,Ntop,0,10,9,0,Stock Out
Circuit breaker Legrand AC 32A 1Pole,Circuit breaker Legrand AC 32A 1Pole,LEG-MCB-32A-1P,LEGRAND,0,10,2.8,0,Stock Out
Circuit breaker 100A,Circuit breaker 100A,SPW-MCB-100A-AC,SAIPWELI,0,10,5,0,Stock Out
"Circuit breaker 16A Breakers AC, 1P","Circuit breaker 16A Breakers AC, 1P",ECS-MCB-16A-1P,ECS,0,10,2.7,0,Stock Out
"Circuit breaker 10A AC, 1P","Circuit breaker 10A AC, 1P",ECS-MCB-10A-1P,ECS,0,10,3,0,Stock Out
Circuit breaker 10A 3P AC,Circuit breaker 10A 3P AC,ECS-MCB-10A-3P,ECS,0,10,6,0,Stock Out
Circuit breaker 40A AC 4P,Circuit breaker 40A AC 4P,ECS-MCB-40A-4P,ECS,0,10,12.5,0,Stock Out
Circuit breaker  2A AC 1P,Circuit breaker  2A AC 1P,SCH-MCB-2A-1P,SCHNEIDER,0,10,2.5,0,Stock Out
Circuit breaker  32A AC 2P,Circuit breaker  32A AC 2P,SCH-MCB-32A-2P,SCHNEIDER,0,10,4.85,0,Stock Out
Circuit breaker  10A 1P AC,Circuit breaker  10A 1P AC,SCH-MCB-10A-1P,SCHNEIDER,0,10,2.5,0,Stock Out
Circuit breaker 3A 1P AC,Circuit breaker 3A 1P AC,SCH-MCB-3A-1P,SCHNEIDER,0,10,2.5,0,Stock Out
Circuit breaker  63A 1P AC,Circuit breaker  63A 1P AC,SCH-MCB-63A-1P,SCHNEIDER,0,10,3,0,Stock Out
Circuit breaker  32A 1P AC,Circuit breaker  32A 1P AC,SCH-MCB-32A-1P,SCHNEIDER,0,10,2.8,0,Stock Out
"Circuit breaker 40A 4P, AC","Circuit breaker 40A 4P, AC",SCH-MCB-40A-4P,SCHNEIDER,0,10,12,0,Stock Out
Circuit breaker 25A 1P AC,Circuit breaker 25A 1P AC,SCH-MCB-25A-1P,SCHNEIDER,0,10,3.67,0,Stock Out
Circuit breaker 40A 3P AC,Circuit breaker 40A 3P AC,SCH-MCB-40A-3P,SCHNEIDER,0,10,8,0,Stock Out
Circuit breaker 63A AC 4P,Circuit breaker 63A AC 4P,SCH-MCB-63A-4P,SCHNEIDER,0,10,11,0,Stock Out
Circuit breaker  LC13 16A AC,Circuit breaker  LC13 16A AC,CBI-LC13-16A-1P,CBI,0,10,2,0,Stock Out
Circuit breaker  LCB-1 30A AC,Circuit breaker  LCB-1 30A AC,,CBI,0,10,2.4,0,Stock Out
MCB C & S 2 Pole AC 63A AC,MCB C & S 2 Pole AC 63A AC,CS-MCB-63A-2P,C & S,0,10,5,0,Stock Out
C & S Wintrip breaker  2A 1P AC,C & S Wintrip breaker  2A 1P AC,CS-MCB-2A-1P,C & S,0,10,3.65,0,Stock Out
Circuit Wintrip breaker 80A 3P AC,Circuit Wintrip breaker 80A 3P AC,CS-MCB-80A-3P,C & S,0,10,12,0,Stock Out
Circuit Wintrip breaker 40A 3P AC,Circuit Wintrip breaker 40A 3P AC,CS-MCB-40A-3P,C & S,0,10,8,0,Stock Out
Circuit Wintrip breaker 32A 3P AC,Circuit Wintrip breaker 32A 3P AC,CS-MCB-32A-3P,C & S,0,10,6.5,0,Stock Out
Circuit wintrip breaker 20A 3P AC,Circuit wintrip breaker 20A 3P AC,CS-MCB-20A-3P,C & S,0,10,5,0,Stock Out
Circuit wintrip breaker 50A 3P AC,Circuit wintrip breaker 50A 3P AC,CS-MCB-50A-3P,C & S,0,10,9,0,Stock Out
Circuit wintrip breaker 63A 2P AC,Circuit wintrip breaker 63A 2P AC,CS-MCB-63A-2P,C & S,0,10,4,0,Stock Out
SA1-G3 30A AC,SA1-G3 30A AC,,SA1,0,10,2.5,0,Stock Out
HY-Mag 20A 1P AC,HY-Mag 20A 1P AC,,HAY,0,10,2,0,Stock Out
CBI 10A AC 1P ,CBI 10A AC 1P ,,CBI,0,10,2,0,Stock Out
Circuit  Breaker 100A,Circuit  Breaker 100A,,CBI,0,10,5,0,Stock Out
Circuit breaker 80A 1P,Circuit breaker 80A 1P,,CBI,0,10,4,0,Stock Out
Circuit breaker ABB 63A 2P AC,Circuit breaker ABB 63A 2P AC,ABB-MCB-63A-2P,ABB,0,10,14.48,0,Stock Out
Circuit breaker 100A 1P AC,Circuit breaker 100A 1P AC,HGR-CB-1P-100A-C,Hager,0,10,7,0,Stock Out
Circuit breaker 40A 2P AC,Circuit breaker 40A 2P AC,HGR-CB-1P-40A-C,Hager,0,10,7,0,Stock Out
Nur 63A 2P AC,Nur 63A 2P AC,CB-NR-63A-2P,Nur,0,10,5,0,Stock Out
Change over 63A 4P AC,Change over 63A 4P AC,HGR-COS-4P-63A,Hager,0,10,25,0,Stock Out
RK-AVS 30A,RK-AVS 30A,,,0,10,22,0,Stock Out
AVS,AVS,,,0,10,15,0,Stock Out
"Surge Protection Device, Riken","Surge Protection Device, Riken",,,0,10,14,0,Stock Out
Surge Protection Device,Surge Protection Device,WOLUN-SPD-10KA-1P,,0,10,13,0,Stock Out
L/N Surge Protector Device,L/N Surge Protector Device,SPD-LN-20KA-1P+N,,0,10,13,0,Stock Out
"Sunnom SPD 40KA, 385VDC","Sunnom SPD 40KA, 385VDC",,SUNNOM,0,10,13,0,Stock Out
IN-IOKA Imax SP 20KA,IN-IOKA Imax SP 20KA,SPD-IOKA-20KA-1P,,0,10,13,0,Stock Out
SPD CBI AC,SPD CBI AC,,,0,10,13,0,Stock Out
SPD AC 1P T2,SPD AC 1P T2,SPD-AC-1P-T2-20KA,,0,10,13,0,Stock Out
Lightning arrestor,Lightning arrestor,,,0,10,15,0,Stock Out
FS-AVP63 ,FS-AVP63 ,,,0,10,15,0,Stock Out
Indicator Riken,Indicator Riken,RIKEN-IND-230V-GREEN,RIKEN,0,10,12,0,Stock Out
Contactor LCDID32,Contactor LCDID32,,,0,10,29,0,Stock Out
"32A Noark Breaker, 2P DC","32A Noark Breaker, 2P DC",NOARK-32A-2P-DC-500V,NOARK,0,10,16.25,0,Stock Out
"63A Noark Breaker, 2P DC","63A Noark Breaker, 2P DC",NOARK-63A-2P-DC-1000V,NOARK,0,10,17,0,Stock Out
10A Wintrip breaker 1P C & S DC,10A Wintrip breaker 1P C & S DC,CS-CB-1P-10A-DC,,0,10,7,0,Stock Out
"16A Wintrip breaker 1P C & S, DC","16A Wintrip breaker 1P C & S, DC",CS-CB-1P-16A-DC,,0,10,7.73,0,Stock Out
"32A Wintrip breaker 1P C & S, DC","32A Wintrip breaker 1P C & S, DC",CS-CB-1P-32A-DC,,0,10,7.73,0,Stock Out
63A Wintrip 1P C & S DC,63A Wintrip 1P C & S DC,CS-CB-1P-32A-DC,,0,10,8.12,0,Stock Out
Suntree 100A 2P DC,Suntree 100A 2P DC,ST-CB-2P-100A-DC,SUNTREE,0,10,23.75,0,Stock Out
Suntree breaker 25A 2P DC,Suntree breaker 25A 2P DC,ST-CB-2P-25A-DC,SUNTREE,0,10,20,0,Stock Out
Circuit Breaker 32A DC 1P,Circuit Breaker 32A DC 1P,SCH-CB-1P-32A-DC,SCHNEIDER,0,10,10,0,Stock Out
32A Manhua 2P DC,32A Manhua 2P DC,MH-CB-2P-32A-DC,MANHUA,0,10,16,0,Stock Out
MNEPV 30A DC 2P,MNEPV 30A DC 2P,MN-CB-2P-30A-DC,MNEPV,0,10,14,0,Stock Out
MNEPV 15A DC 2P,MNEPV 15A DC 2P,MN-CB-2P-15A-DC,MNEPV,0,10,11,0,Stock Out
MNEPV 30A DC 1P,MNEPV 30A DC 1P,MN-CB-1P-30A-DC,MNEPV,0,10,7,0,Stock Out
MNEPV 63A DC 1P,MNEPV 63A DC 1P,MN-CB-1P-63A-DC,MNEPV,0,10,9,0,Stock Out
CBI 15A 2P DC,CBI 15A 2P DC,CBI-CB-2P-15A-DC,CBI,0,10,13,0,Stock Out
Circuit breaker 16A 2P DC,Circuit breaker 16A 2P DC,RIKEN-DC-2P-16A,,0,10,13.75,0,Stock Out
Circuit breaker 32A 2P DC,Circuit breaker 32A 2P DC,RIKEN-DC-2P-32A,,0,10,16.25,0,Stock Out
SPD,SPD,,,0,10,0,0,Stock Out
SPD  Shuang Feng,SPD  Shuang Feng,,,0,10,25,0,Stock Out
"GA & DA SPD DC G20-PV-150, 3P","GA & DA SPD DC G20-PV-150, 3P",GADA-PV-DC-150V,GA & DA,0,10,50,0,Stock Out
Suntree SPD 2P,Suntree SPD 2P,SPD-SUNTREE-DC-2P-1000V,SUNTREE,0,10,30,0,Stock Out
BATTERY DISCONNECT,BATTERY DISCONNECT,,,0,10,0,0,Stock Out
Battery Disconnect 125A,Battery Disconnect 125A,,,0,10,85,0,Stock Out
LC1E65 80A Contactorc 3P,LC1E65 80A Contactorc 3P,,SCHNEIDER,0,10,120,0,Stock Out
NB2-40 DC 40A 2P,NB2-40 DC 40A 2P,,,0,10,0,0,Stock Out
NB2-40 DC 40A 2P,NB2-40 DC 40A 2P,,,0,10,15,0,Stock Out
PHAESUM ACCESSORIES,PHAESUM ACCESSORIES,,,0,10,0,0,Stock Out
Gardena  3/4 ,Gardena  3/4 ,,,0,10,0,0,Stock Out
Gardena  Aqua Stop19mm 3/4 ,Gardena  Aqua Stop19mm 3/4 ,,,0,10,0,0,Stock Out
Gardena 19mm 3/4,Gardena 19mm 3/4,,,0,10,0,0,Stock Out
Thermostat ,Thermostat ,,,0,10,0,0,Stock Out
2 Wat Tap connector,2 Wat Tap connector,,,0,10,0,0,Stock Out
Spxflow ,Spxflow ,,,0,10,0,0,Stock Out
Direct drive pump,Direct drive pump,,,0,10,0,0,Stock Out
Pratley Steel Quickset,Pratley Steel Quickset,,,0,10,0,0,Stock Out
Electronic Donau GMBH,Electronic Donau GMBH,,,0,10,0,0,Stock Out
PV Stick Set,PV Stick Set,,,0,10,0,0,Stock Out
RJ45 Patchkabel,RJ45 Patchkabel,,,0,10,0,0,Stock Out
VE.Direct cable 1.8m,VE.Direct cable 1.8m,,,0,10,0,0,Stock Out
Solar Cooling unit Phaesum,Solar Cooling unit Phaesum,,,0,10,0,0,Stock Out
